{
    "best_hyperparams": {
        "n_estimators": 1131,
        "learning_rate": 0.01270182922820137,
        "num_leaves": 54,
        "max_depth": 13,
        "reg_alpha": 7.305020877158638e-05,
        "reg_lambda": 6.000546505421122e-07,
        "colsample_bytree": 0.9581314156054274,
        "subsample": 0.6465525465238565,
        "min_data_in_leaf": 42,
        "min_sum_hessian_in_leaf": 2.390051672190776e-07,
        "max_bin": 242
    },
    "best_mean_absolute_error": 40.07467440451428
}